sample_id	source_title	group	batch	barcodes_url	barcodes_compressed_bytes	matrix_url	matrix_compressed_bytes	features_url	features_compressed_bytes	supplied_barcodes	barcodes_sha256	feature_rows	unique_feature_ids	duplicate_feature_ids_json	features_sha256	feature_content_sha256	feature_columns_1_and_2_identical	feature_types_json
GSM8700986	Patients-Late_group#1	Late	First	https://ftp.ncbi.nlm.nih.gov/geo/samples/GSM8700nnn/GSM8700986/suppl/GSM8700986_L1_barcodes.tsv.gz	43086	https://ftp.ncbi.nlm.nih.gov/geo/samples/GSM8700nnn/GSM8700986/suppl/GSM8700986_L1_matrix.mtx.gz	51387049	https://ftp.ncbi.nlm.nih.gov/geo/samples/GSM8700nnn/GSM8700986/suppl/GSM8700986_features.tsv.gz	252981	10750	8f7456931873924828e99092c32dd266ef5fc84a68f540b5f1b4ba9fcab93453	36601	36601	{}	079bb5504d1d1f55c5e4cfc24d02fb8a09d883b35efba22842ec8dc4091056bd	6bacbd038808fc3ccc6d340d24c48b1db76aa0b57a8fb9033e607fe1774a4a97	True	"{""Gene Expression"": 36601}"
GSM8700987	Patients-Late_group#2	Late	First	https://ftp.ncbi.nlm.nih.gov/geo/samples/GSM8700nnn/GSM8700987/suppl/GSM8700987_L2_barcodes.tsv.gz	48091	https://ftp.ncbi.nlm.nih.gov/geo/samples/GSM8700nnn/GSM8700987/suppl/GSM8700987_L2_matrix.mtx.gz	50091726	https://ftp.ncbi.nlm.nih.gov/geo/samples/GSM8700nnn/GSM8700987/suppl/GSM8700987_features.tsv.gz	252981	12070	3dea4b9e3ddf9170443b1b2dcb616568843b5c72fb558c3ac549e94770b3d6cf	36601	36601	{}	079bb5504d1d1f55c5e4cfc24d02fb8a09d883b35efba22842ec8dc4091056bd	6bacbd038808fc3ccc6d340d24c48b1db76aa0b57a8fb9033e607fe1774a4a97	True	"{""Gene Expression"": 36601}"
GSM8700988	Patients-Late_group#3	Late	Second	https://ftp.ncbi.nlm.nih.gov/geo/samples/GSM8700nnn/GSM8700988/suppl/GSM8700988_L3_barcodes.tsv.gz	43911	https://ftp.ncbi.nlm.nih.gov/geo/samples/GSM8700nnn/GSM8700988/suppl/GSM8700988_L3_matrix.mtx.gz	66375414	https://ftp.ncbi.nlm.nih.gov/geo/samples/GSM8700nnn/GSM8700988/suppl/GSM8700988_features.tsv.gz	252981	10931	1659c8db1df30ad6512703c9d8959532817f93719a7ef11d79ad60b7aaf3ae43	36601	36601	{}	079bb5504d1d1f55c5e4cfc24d02fb8a09d883b35efba22842ec8dc4091056bd	6bacbd038808fc3ccc6d340d24c48b1db76aa0b57a8fb9033e607fe1774a4a97	True	"{""Gene Expression"": 36601}"
GSM8700989	Patients-Late_group#4	Late	Second	https://ftp.ncbi.nlm.nih.gov/geo/samples/GSM8700nnn/GSM8700989/suppl/GSM8700989_L4_barcodes.tsv.gz	44251	https://ftp.ncbi.nlm.nih.gov/geo/samples/GSM8700nnn/GSM8700989/suppl/GSM8700989_L4_matrix.mtx.gz	66096300	https://ftp.ncbi.nlm.nih.gov/geo/samples/GSM8700nnn/GSM8700989/suppl/GSM8700989_features.tsv.gz	252981	11044	8fe961f08702b800970a6093d42cbfe74b6e477e6613a5448df15597755c1095	36601	36601	{}	079bb5504d1d1f55c5e4cfc24d02fb8a09d883b35efba22842ec8dc4091056bd	6bacbd038808fc3ccc6d340d24c48b1db76aa0b57a8fb9033e607fe1774a4a97	True	"{""Gene Expression"": 36601}"
GSM8700990	Patients-Late_group#5	Late	Second	https://ftp.ncbi.nlm.nih.gov/geo/samples/GSM8700nnn/GSM8700990/suppl/GSM8700990_L5_barcodes.tsv.gz	65166	https://ftp.ncbi.nlm.nih.gov/geo/samples/GSM8700nnn/GSM8700990/suppl/GSM8700990_L5_matrix.mtx.gz	85853200	https://ftp.ncbi.nlm.nih.gov/geo/samples/GSM8700nnn/GSM8700990/suppl/GSM8700990_features.tsv.gz	252981	16589	69bf31162b6d4fefcec34ffffd1839c982835e3e8ef24e650a34179d8748d52c	36601	36601	{}	079bb5504d1d1f55c5e4cfc24d02fb8a09d883b35efba22842ec8dc4091056bd	6bacbd038808fc3ccc6d340d24c48b1db76aa0b57a8fb9033e607fe1774a4a97	True	"{""Gene Expression"": 36601}"
GSM8700991	Patients-Late_group#6	Late	Second	https://ftp.ncbi.nlm.nih.gov/geo/samples/GSM8700nnn/GSM8700991/suppl/GSM8700991_L6_barcodes.tsv.gz	35771	https://ftp.ncbi.nlm.nih.gov/geo/samples/GSM8700nnn/GSM8700991/suppl/GSM8700991_L6_matrix.mtx.gz	56964368	https://ftp.ncbi.nlm.nih.gov/geo/samples/GSM8700nnn/GSM8700991/suppl/GSM8700991_features.tsv.gz	252981	8770	ce5435d8e28aae7be4ed44877839cc37838e22c8e8118f444073cb46161a9343	36601	36601	{}	079bb5504d1d1f55c5e4cfc24d02fb8a09d883b35efba22842ec8dc4091056bd	6bacbd038808fc3ccc6d340d24c48b1db76aa0b57a8fb9033e607fe1774a4a97	True	"{""Gene Expression"": 36601}"
GSM8700992	Patients-Early_group#1	Early	First	https://ftp.ncbi.nlm.nih.gov/geo/samples/GSM8700nnn/GSM8700992/suppl/GSM8700992_E1_barcodes.tsv.gz	47203	https://ftp.ncbi.nlm.nih.gov/geo/samples/GSM8700nnn/GSM8700992/suppl/GSM8700992_E1_matrix.mtx.gz	56026350	https://ftp.ncbi.nlm.nih.gov/geo/samples/GSM8700nnn/GSM8700992/suppl/GSM8700992_features.tsv.gz	252981	11793	ddb44c4e6fd82279562ce5c0ebe1a8aba407ef9bfe817cd3b918de6cf978d0da	36601	36601	{}	079bb5504d1d1f55c5e4cfc24d02fb8a09d883b35efba22842ec8dc4091056bd	6bacbd038808fc3ccc6d340d24c48b1db76aa0b57a8fb9033e607fe1774a4a97	True	"{""Gene Expression"": 36601}"
GSM8700993	Patients-Early_group#2	Early	First	https://ftp.ncbi.nlm.nih.gov/geo/samples/GSM8700nnn/GSM8700993/suppl/GSM8700993_E2_barcodes.tsv.gz	46813	https://ftp.ncbi.nlm.nih.gov/geo/samples/GSM8700nnn/GSM8700993/suppl/GSM8700993_E2_matrix.mtx.gz	54978354	https://ftp.ncbi.nlm.nih.gov/geo/samples/GSM8700nnn/GSM8700993/suppl/GSM8700993_features.tsv.gz	252981	11695	954524629971b8aa8ba52694e71a532faae793aaf6d73acf683cd2f6a107007b	36601	36601	{}	079bb5504d1d1f55c5e4cfc24d02fb8a09d883b35efba22842ec8dc4091056bd	6bacbd038808fc3ccc6d340d24c48b1db76aa0b57a8fb9033e607fe1774a4a97	True	"{""Gene Expression"": 36601}"
GSM8700994	Patients-Early_group#3	Early	Second	https://ftp.ncbi.nlm.nih.gov/geo/samples/GSM8700nnn/GSM8700994/suppl/GSM8700994_E3_barcodes.tsv.gz	29627	https://ftp.ncbi.nlm.nih.gov/geo/samples/GSM8700nnn/GSM8700994/suppl/GSM8700994_E3_matrix.mtx.gz	42787501	https://ftp.ncbi.nlm.nih.gov/geo/samples/GSM8700nnn/GSM8700994/suppl/GSM8700994_features.tsv.gz	252981	7194	063772c0c6c345dff2d77f33afaee5d1e06b721d447543ceec1d22ef47fa388d	36601	36601	{}	079bb5504d1d1f55c5e4cfc24d02fb8a09d883b35efba22842ec8dc4091056bd	6bacbd038808fc3ccc6d340d24c48b1db76aa0b57a8fb9033e607fe1774a4a97	True	"{""Gene Expression"": 36601}"
GSM8700995	Patients-Early_group#4	Early	Second	https://ftp.ncbi.nlm.nih.gov/geo/samples/GSM8700nnn/GSM8700995/suppl/GSM8700995_E4_barcodes.tsv.gz	43717	https://ftp.ncbi.nlm.nih.gov/geo/samples/GSM8700nnn/GSM8700995/suppl/GSM8700995_E4_matrix.mtx.gz	60362002	https://ftp.ncbi.nlm.nih.gov/geo/samples/GSM8700nnn/GSM8700995/suppl/GSM8700995_features.tsv.gz	252981	10866	603275655ce8ac95899751446736904c3dd5057eaf3fd8224a0fabbb86aa54ef	36601	36601	{}	079bb5504d1d1f55c5e4cfc24d02fb8a09d883b35efba22842ec8dc4091056bd	6bacbd038808fc3ccc6d340d24c48b1db76aa0b57a8fb9033e607fe1774a4a97	True	"{""Gene Expression"": 36601}"
GSM8700996	Patients-Early_group#5	Early	Second	https://ftp.ncbi.nlm.nih.gov/geo/samples/GSM8700nnn/GSM8700996/suppl/GSM8700996_E5_barcodes.tsv.gz	46657	https://ftp.ncbi.nlm.nih.gov/geo/samples/GSM8700nnn/GSM8700996/suppl/GSM8700996_E5_matrix.mtx.gz	72980342	https://ftp.ncbi.nlm.nih.gov/geo/samples/GSM8700nnn/GSM8700996/suppl/GSM8700996_features.tsv.gz	252981	11646	8acb0f0a10ed1d8db5957ba6989d7c853e55f3d56652794d64dbfba65d761f40	36601	36601	{}	079bb5504d1d1f55c5e4cfc24d02fb8a09d883b35efba22842ec8dc4091056bd	6bacbd038808fc3ccc6d340d24c48b1db76aa0b57a8fb9033e607fe1774a4a97	True	"{""Gene Expression"": 36601}"
GSM8700997	Patients-Early_group#6	Early	Second	https://ftp.ncbi.nlm.nih.gov/geo/samples/GSM8700nnn/GSM8700997/suppl/GSM8700997_E6_barcodes.tsv.gz	42911	https://ftp.ncbi.nlm.nih.gov/geo/samples/GSM8700nnn/GSM8700997/suppl/GSM8700997_E6_matrix.mtx.gz	65082349	https://ftp.ncbi.nlm.nih.gov/geo/samples/GSM8700nnn/GSM8700997/suppl/GSM8700997_features.tsv.gz	252981	10648	24f67e81caa8c114f136fd595405b6087c52a70ce5404458d958e8410180dc44	36601	36601	{}	079bb5504d1d1f55c5e4cfc24d02fb8a09d883b35efba22842ec8dc4091056bd	6bacbd038808fc3ccc6d340d24c48b1db76aa0b57a8fb9033e607fe1774a4a97	True	"{""Gene Expression"": 36601}"
GSM8700998	Patients-Early_group#7	Early	Second	https://ftp.ncbi.nlm.nih.gov/geo/samples/GSM8700nnn/GSM8700998/suppl/GSM8700998_E7_barcodes.tsv.gz	44492	https://ftp.ncbi.nlm.nih.gov/geo/samples/GSM8700nnn/GSM8700998/suppl/GSM8700998_E7_matrix.mtx.gz	67535144	https://ftp.ncbi.nlm.nih.gov/geo/samples/GSM8700nnn/GSM8700998/suppl/GSM8700998_features.tsv.gz	252981	11064	584b5b8bb0498dfc1738ec61f8c7939ce9dfd392abcbe62b887f1cbd8515f921	36601	36601	{}	079bb5504d1d1f55c5e4cfc24d02fb8a09d883b35efba22842ec8dc4091056bd	6bacbd038808fc3ccc6d340d24c48b1db76aa0b57a8fb9033e607fe1774a4a97	True	"{""Gene Expression"": 36601}"
GSM8700999	Patients-Early_group#8	Early	Second	https://ftp.ncbi.nlm.nih.gov/geo/samples/GSM8700nnn/GSM8700999/suppl/GSM8700999_E8_barcodes.tsv.gz	47480	https://ftp.ncbi.nlm.nih.gov/geo/samples/GSM8700nnn/GSM8700999/suppl/GSM8700999_E8_matrix.mtx.gz	77585814	https://ftp.ncbi.nlm.nih.gov/geo/samples/GSM8700nnn/GSM8700999/suppl/GSM8700999_features.tsv.gz	252981	11890	dbba2a774aec208a66f703348334f399ca5c5bd2b90827373d0e7ca7713e67ac	36601	36601	{}	079bb5504d1d1f55c5e4cfc24d02fb8a09d883b35efba22842ec8dc4091056bd	6bacbd038808fc3ccc6d340d24c48b1db76aa0b57a8fb9033e607fe1774a4a97	True	"{""Gene Expression"": 36601}"
GSM8701000	Patients-Early_group#9	Early	Second	https://ftp.ncbi.nlm.nih.gov/geo/samples/GSM8701nnn/GSM8701000/suppl/GSM8701000_E9_barcodes.tsv.gz	38526	https://ftp.ncbi.nlm.nih.gov/geo/samples/GSM8701nnn/GSM8701000/suppl/GSM8701000_E9_matrix.mtx.gz	64118529	https://ftp.ncbi.nlm.nih.gov/geo/samples/GSM8701nnn/GSM8701000/suppl/GSM8701000_features.tsv.gz	252981	9499	819f339e98f6cda208a5a9d667cf2eff8e439578b1fc04b3cc7c2305fd98fc07	36601	36601	{}	079bb5504d1d1f55c5e4cfc24d02fb8a09d883b35efba22842ec8dc4091056bd	6bacbd038808fc3ccc6d340d24c48b1db76aa0b57a8fb9033e607fe1774a4a97	True	"{""Gene Expression"": 36601}"
GSM8701001	Patients-Early_group#10	Early	Second	https://ftp.ncbi.nlm.nih.gov/geo/samples/GSM8701nnn/GSM8701001/suppl/GSM8701001_E10_barcodes.tsv.gz	49796	https://ftp.ncbi.nlm.nih.gov/geo/samples/GSM8701nnn/GSM8701001/suppl/GSM8701001_E10_matrix.mtx.gz	84252144	https://ftp.ncbi.nlm.nih.gov/geo/samples/GSM8701nnn/GSM8701001/suppl/GSM8701001_features.tsv.gz	252981	12356	db8e50c89c1b1a919d4c6b25a7afca77e8d795c1e60f51413066b19e6e5e10f9	36601	36601	{}	079bb5504d1d1f55c5e4cfc24d02fb8a09d883b35efba22842ec8dc4091056bd	6bacbd038808fc3ccc6d340d24c48b1db76aa0b57a8fb9033e607fe1774a4a97	True	"{""Gene Expression"": 36601}"
GSM8701002	Patients-Early_group#11	Early	Second	https://ftp.ncbi.nlm.nih.gov/geo/samples/GSM8701nnn/GSM8701002/suppl/GSM8701002_E11_barcodes.tsv.gz	45443	https://ftp.ncbi.nlm.nih.gov/geo/samples/GSM8701nnn/GSM8701002/suppl/GSM8701002_E11_matrix.mtx.gz	67381355	https://ftp.ncbi.nlm.nih.gov/geo/samples/GSM8701nnn/GSM8701002/suppl/GSM8701002_features.tsv.gz	252981	11254	c7dc2b853d51f14e407f76e1835ac96c506f7c68645695dabe57279ee7fbee84	36601	36601	{}	079bb5504d1d1f55c5e4cfc24d02fb8a09d883b35efba22842ec8dc4091056bd	6bacbd038808fc3ccc6d340d24c48b1db76aa0b57a8fb9033e607fe1774a4a97	True	"{""Gene Expression"": 36601}"
GSM8701003	Healthy_group#1	Healthy	First	https://ftp.ncbi.nlm.nih.gov/geo/samples/GSM8701nnn/GSM8701003/suppl/GSM8701003_H1_barcodes.tsv.gz	41472	https://ftp.ncbi.nlm.nih.gov/geo/samples/GSM8701nnn/GSM8701003/suppl/GSM8701003_H1_matrix.mtx.gz	45776315	https://ftp.ncbi.nlm.nih.gov/geo/samples/GSM8701nnn/GSM8701003/suppl/GSM8701003_features.tsv.gz	252981	10289	d56faccef22ea2805b9d4a391a8e8cf5ae0a6f126f3bb625aa86c77fae3745df	36601	36601	{}	079bb5504d1d1f55c5e4cfc24d02fb8a09d883b35efba22842ec8dc4091056bd	6bacbd038808fc3ccc6d340d24c48b1db76aa0b57a8fb9033e607fe1774a4a97	True	"{""Gene Expression"": 36601}"
GSM8701004	Healthy_group#2	Healthy	First	https://ftp.ncbi.nlm.nih.gov/geo/samples/GSM8701nnn/GSM8701004/suppl/GSM8701004_H2_barcodes.tsv.gz	34370	https://ftp.ncbi.nlm.nih.gov/geo/samples/GSM8701nnn/GSM8701004/suppl/GSM8701004_H2_matrix.mtx.gz	36510050	https://ftp.ncbi.nlm.nih.gov/geo/samples/GSM8701nnn/GSM8701004/suppl/GSM8701004_features.tsv.gz	252981	8405	33c4154a2fbda9770bf069983280505cece9a11ea61a5a3bf941973a917354b8	36601	36601	{}	079bb5504d1d1f55c5e4cfc24d02fb8a09d883b35efba22842ec8dc4091056bd	6bacbd038808fc3ccc6d340d24c48b1db76aa0b57a8fb9033e607fe1774a4a97	True	"{""Gene Expression"": 36601}"
GSM8701005	Healthy_group#3	Healthy	First	https://ftp.ncbi.nlm.nih.gov/geo/samples/GSM8701nnn/GSM8701005/suppl/GSM8701005_H3_barcodes.tsv.gz	42410	https://ftp.ncbi.nlm.nih.gov/geo/samples/GSM8701nnn/GSM8701005/suppl/GSM8701005_H3_matrix.mtx.gz	47243561	https://ftp.ncbi.nlm.nih.gov/geo/samples/GSM8701nnn/GSM8701005/suppl/GSM8701005_features.tsv.gz	252981	10520	3055c12be16a6866ff1ba2417abadc96f7c1ca4d730bd50d5c89200ca46f5c94	36601	36601	{}	079bb5504d1d1f55c5e4cfc24d02fb8a09d883b35efba22842ec8dc4091056bd	6bacbd038808fc3ccc6d340d24c48b1db76aa0b57a8fb9033e607fe1774a4a97	True	"{""Gene Expression"": 36601}"
GSM8701006	Healthy_group#4	Healthy	First	https://ftp.ncbi.nlm.nih.gov/geo/samples/GSM8701nnn/GSM8701006/suppl/GSM8701006_H4_barcodes.tsv.gz	49759	https://ftp.ncbi.nlm.nih.gov/geo/samples/GSM8701nnn/GSM8701006/suppl/GSM8701006_H4_matrix.mtx.gz	52950270	https://ftp.ncbi.nlm.nih.gov/geo/samples/GSM8701nnn/GSM8701006/suppl/GSM8701006_features.tsv.gz	252981	12459	7d0026eec44fb580e1854e1208e7bede59ca42d03d2ec84f273285dc32b1f9f0	36601	36601	{}	079bb5504d1d1f55c5e4cfc24d02fb8a09d883b35efba22842ec8dc4091056bd	6bacbd038808fc3ccc6d340d24c48b1db76aa0b57a8fb9033e607fe1774a4a97	True	"{""Gene Expression"": 36601}"
GSM8701007	Healthy_group#5	Healthy	Second	https://ftp.ncbi.nlm.nih.gov/geo/samples/GSM8701nnn/GSM8701007/suppl/GSM8701007_H5_barcodes.tsv.gz	41359	https://ftp.ncbi.nlm.nih.gov/geo/samples/GSM8701nnn/GSM8701007/suppl/GSM8701007_H5_matrix.mtx.gz	63664067	https://ftp.ncbi.nlm.nih.gov/geo/samples/GSM8701nnn/GSM8701007/suppl/GSM8701007_features.tsv.gz	252981	10241	5f9773362e7d925f2b9b32dac12054428e090bbbe85021802fed880a2cdac47d	36601	36601	{}	079bb5504d1d1f55c5e4cfc24d02fb8a09d883b35efba22842ec8dc4091056bd	6bacbd038808fc3ccc6d340d24c48b1db76aa0b57a8fb9033e607fe1774a4a97	True	"{""Gene Expression"": 36601}"
GSM8701008	Healthy_group#6	Healthy	Second	https://ftp.ncbi.nlm.nih.gov/geo/samples/GSM8701nnn/GSM8701008/suppl/GSM8701008_H6_barcodes.tsv.gz	38677	https://ftp.ncbi.nlm.nih.gov/geo/samples/GSM8701nnn/GSM8701008/suppl/GSM8701008_H6_matrix.mtx.gz	53758434	https://ftp.ncbi.nlm.nih.gov/geo/samples/GSM8701nnn/GSM8701008/suppl/GSM8701008_features.tsv.gz	252981	9561	056739663b7296d45ff333b546c280fda6c695ca42a4ca8b57894d84d0696093	36601	36601	{}	079bb5504d1d1f55c5e4cfc24d02fb8a09d883b35efba22842ec8dc4091056bd	6bacbd038808fc3ccc6d340d24c48b1db76aa0b57a8fb9033e607fe1774a4a97	True	"{""Gene Expression"": 36601}"
GSM8701009	Healthy_group#7	Healthy	Second	https://ftp.ncbi.nlm.nih.gov/geo/samples/GSM8701nnn/GSM8701009/suppl/GSM8701009_H7_barcodes.tsv.gz	32326	https://ftp.ncbi.nlm.nih.gov/geo/samples/GSM8701nnn/GSM8701009/suppl/GSM8701009_H7_matrix.mtx.gz	51987863	https://ftp.ncbi.nlm.nih.gov/geo/samples/GSM8701nnn/GSM8701009/suppl/GSM8701009_features.tsv.gz	252981	7874	b871f0c3014611eabcf1cc0c0b5cd8bfa8381fbc74fe8400b73b87f1100e1124	36601	36601	{}	079bb5504d1d1f55c5e4cfc24d02fb8a09d883b35efba22842ec8dc4091056bd	6bacbd038808fc3ccc6d340d24c48b1db76aa0b57a8fb9033e607fe1774a4a97	True	"{""Gene Expression"": 36601}"
GSM8701010	Healthy_group#8	Healthy	Second	https://ftp.ncbi.nlm.nih.gov/geo/samples/GSM8701nnn/GSM8701010/suppl/GSM8701010_H8_barcodes.tsv.gz	45072	https://ftp.ncbi.nlm.nih.gov/geo/samples/GSM8701nnn/GSM8701010/suppl/GSM8701010_H8_matrix.mtx.gz	68280608	https://ftp.ncbi.nlm.nih.gov/geo/samples/GSM8701nnn/GSM8701010/suppl/GSM8701010_features.tsv.gz	252981	11227	35cbe478ad0102ed9fafd381db81290e1372d0e069d7a1c3a6c1d8bf0fe9e0cb	36601	36601	{}	079bb5504d1d1f55c5e4cfc24d02fb8a09d883b35efba22842ec8dc4091056bd	6bacbd038808fc3ccc6d340d24c48b1db76aa0b57a8fb9033e607fe1774a4a97	True	"{""Gene Expression"": 36601}"
GSM8701011	Healthy_group#9	Healthy	Second	https://ftp.ncbi.nlm.nih.gov/geo/samples/GSM8701nnn/GSM8701011/suppl/GSM8701011_H9_barcodes.tsv.gz	47247	https://ftp.ncbi.nlm.nih.gov/geo/samples/GSM8701nnn/GSM8701011/suppl/GSM8701011_H9_matrix.mtx.gz	68762998	https://ftp.ncbi.nlm.nih.gov/geo/samples/GSM8701nnn/GSM8701011/suppl/GSM8701011_features.tsv.gz	252981	11828	5c6de76eed4e08f4f1d8e2d504db3b94d29bb1a4372119febb658ce574651ec9	36601	36601	{}	079bb5504d1d1f55c5e4cfc24d02fb8a09d883b35efba22842ec8dc4091056bd	6bacbd038808fc3ccc6d340d24c48b1db76aa0b57a8fb9033e607fe1774a4a97	True	"{""Gene Expression"": 36601}"
