sample_id	completed_utc	elapsed_seconds	peak_rss_bytes	requested_threads	stage	system_cpu_seconds	user_cpu_seconds
GSM8700986	2026-09-06T20:33:45.077581+00:00	0.357165417168	98516992	2	acquire	0.095554	0.630346
GSM8700986	2026-09-06T20:34:13.408651+00:00	15.6669032502	874496000	4	convert	0.343933	16.216228
GSM8700986	2026-09-06T20:42:39.510558+00:00	2.92640412506	805486592	4	export	0.277879	2.927716
GSM8700986		1.75945649995	1197031424		independent_verification		
GSM8700986	2026-09-06T20:42:11.052033+00:00	0.509408083046	517718016	4	qc	0.165684	0.691748
GSM8700987	2026-09-06T20:33:45.069420+00:00	0.348788165953	99057664	2	acquire	0.096943	0.624005
GSM8700987	2026-09-06T20:34:28.935273+00:00	14.834513	816873472	4	convert	0.349309	15.413712
GSM8700987	2026-09-06T20:42:42.874070+00:00	2.82683291705	791609344	4	export	0.270124	2.853805
GSM8700987		1.74029104086	1161986048		independent_verification		
GSM8700987	2026-09-06T20:42:12.011621+00:00	0.443522333866	504856576	4	qc	0.121128	0.686336
GSM8700988	2026-09-06T20:33:46.082359+00:00	0.471951582935	97976320	2	acquire	0.108351	0.73678
GSM8700988	2026-09-06T20:35:05.128366+00:00	20.3083643341	1026048000	4	convert	0.44078	20.970514
GSM8700988	2026-09-06T20:42:50.336690+00:00	3.66448245896	1002946560	4	export	0.310514	3.661999
GSM8700988		2.26747829188	1485193216		independent_verification		
GSM8700988	2026-09-06T20:42:13.970698+00:00	0.567353290971	643858432	4	qc	0.153682	0.751386
GSM8700989	2026-09-06T20:33:46.952496+00:00	0.474373959005	102006784	2	acquire	0.115148	0.743385
GSM8700989	2026-09-06T20:35:25.624990+00:00	19.821948	1030193152	4	convert	0.399417	20.639344
GSM8700989	2026-09-06T20:42:54.474601+00:00	3.58412470901	1004732416	4	export	0.282443	3.640553
GSM8700989		2.21874149982	1431126016		independent_verification		
GSM8700989	2026-09-06T20:42:15.011091+00:00	0.52633475	639156224	4	qc	0.133768	0.742707
GSM8700990	2026-09-06T20:33:48.223527+00:00	0.626973791979	100401152	2	acquire	0.144344	0.909614
GSM8700990	2026-09-06T20:36:27.666383+00:00	26.2810574169	1265680384	4	convert	0.433738	27.422283
GSM8700990	2026-09-06T20:43:08.578951+00:00	5.67487879097	1233371136	4	export	0.670421	4.963454
GSM8700990		2.87611275003	1855815680		independent_verification		
GSM8700990	2026-09-06T20:42:18.290894+00:00	0.746948292013	798392320	4	qc	0.171267	0.914163
GSM8700991	2026-09-06T20:33:47.028704+00:00	0.404925832991	100777984	2	acquire	0.108953	0.67333
GSM8700991	2026-09-06T20:35:43.478976+00:00	17.1619333751	925532160	4	convert	0.342129	17.922297
GSM8700991	2026-09-06T20:42:58.279459+00:00	3.23735858314	874987520	4	export	0.29484	3.250633
GSM8700991		1.93301216699	1315602432		independent_verification		
GSM8700991	2026-09-06T20:42:15.940614+00:00	0.436519874958	570425344	4	qc	0.1231	0.669595
GSM8700992	2026-09-06T20:33:48.061813+00:00	0.402272332925	97140736	2	acquire	0.121622	0.690719
GSM8700992	2026-09-06T20:36:00.716846+00:00	16.561826417	912211968	4	convert	0.293334	17.42859
GSM8700992	2026-09-06T20:43:02.293985+00:00	3.47993991594	857604096	4	export	0.381438	3.18915
GSM8700992		1.93444937491	1272365056		independent_verification		
GSM8700992	2026-09-06T20:42:17.034183+00:00	0.499187583104	556318720	4	qc	0.14565	0.722049
GSM8700993	2026-09-06T20:33:49.001531+00:00	0.408412708901	101040128	2	acquire	0.11109	0.66193
GSM8700993	2026-09-06T20:36:44.613832+00:00	16.276903	879476736	4	convert	0.301349	17.074401
GSM8700993	2026-09-06T20:43:12.304880+00:00	3.14308929187	846282752	4	export	0.323133	3.110274
GSM8700993		1.90921704215	1269088256		independent_verification		
GSM8700993	2026-09-06T20:42:19.238854+00:00	0.453884041868	546127872	4	qc	0.116711	0.696528
GSM8700994	2026-09-06T20:33:49.093898+00:00	0.325354834087	99663872	2	acquire	0.104439	0.586237
GSM8700994	2026-09-06T20:36:57.535157+00:00	12.2788487501	764035072	4	convert	0.26988	13.004472
GSM8700994	2026-09-06T20:43:15.372664+00:00	2.53860570816	709787648	4	export	0.27652	2.589206
GSM8700994		1.50134891691	1046282240		independent_verification		
GSM8700994	2026-09-06T20:42:20.053265+00:00	0.330622874899	457211904	4	qc	0.106682	0.582628
GSM8700995	2026-09-06T20:33:49.981568+00:00	0.421978292055	97255424	2	acquire	0.107758	0.701453
GSM8700995	2026-09-06T20:37:16.312931+00:00	18.1025662089	972046336	4	convert	0.33981	18.92947
GSM8700995	2026-09-06T20:43:19.385205+00:00	3.45533779194	912752640	4	export	0.326572	3.398829
GSM8700995		2.02732004086	1367539712		independent_verification		
GSM8700995	2026-09-06T20:42:21.024552+00:00	0.48732041684	592134144	4	qc	0.132164	0.717479
GSM8700996	2026-09-06T20:33:50.135453+00:00	0.517068375135	100614144	2	acquire	0.109835	0.780846
GSM8700996	2026-09-06T20:37:38.818835+00:00	21.8675610831	1125531648	4	convert	0.34686	22.918155
GSM8700996	2026-09-06T20:43:23.920098+00:00	3.99948241608	1073840128	4	export	0.339643	3.977217
GSM8700996		2.3855717089	1606746112		independent_verification		
GSM8700996	2026-09-06T20:42:22.134917+00:00	0.619192333193	696156160	4	qc	0.169666	0.786574
GSM8700997	2026-09-06T20:33:51.031373+00:00	0.46931054187	105971712	2	acquire	0.122717	0.753902
GSM8700997	2026-09-06T20:37:58.884299+00:00	19.3910940001	1015971840	4	convert	0.35121	20.281663
GSM8700997	2026-09-06T20:43:28.130813+00:00	3.64049224998	987693056	4	export	0.311359	3.613872
GSM8700997		2.16632004199	1459781632		independent_verification		
GSM8700997	2026-09-06T20:42:23.242006+00:00	0.574688167078	631554048	4	qc	0.167238	0.755969
GSM8700998	2026-09-06T20:33:52.073299+00:00	0.476227415958	100319232	2	acquire	0.116905	0.758143
GSM8700998	2026-09-06T20:38:45.521258+00:00	20.351669166	1038581760	4	convert	0.3871	21.195687
GSM8700998	2026-09-06T20:43:37.286957+00:00	3.76880041696	1020051456	4	export	0.320914	3.709291
GSM8700998		2.23334970791	1507065856		independent_verification		
GSM8700998	2026-09-06T20:42:25.360880+00:00	0.516940959031	647168000	4	qc	0.130891	0.744113
GSM8700999	2026-09-06T20:33:51.275134+00:00	0.559702540981	105005056	2	acquire	0.12597	0.832561
GSM8700999	2026-09-06T20:38:24.488545+00:00	24.9080517499	1162936320	4	convert	0.507628	25.608548
GSM8700999	2026-09-06T20:43:32.962985+00:00	4.28440700006	1121976320	4	export	0.359801	4.194298
GSM8700999		2.52214995911	1698758656		independent_verification		
GSM8700999	2026-09-06T20:42:24.357911+00:00	0.578570290934	730365952	4	qc	0.140956	0.821359
GSM8701000	2026-09-06T20:33:53.083254+00:00	0.471356041031	98320384	2	acquire	0.113891	0.730669
GSM8701000	2026-09-06T20:39:32.469099+00:00	19.3563377499	1020018688	4	convert	0.337013	20.276713
GSM8701000	2026-09-06T20:43:46.743177+00:00	3.5441176251	983564288	4	export	0.286889	3.576007
GSM8701000		2.06032645795	1444675584		independent_verification		
GSM8701000	2026-09-06T20:42:27.451996+00:00	0.472783583915	629686272	4	qc	0.125818	0.710062
GSM8701001	2026-09-06T20:33:52.435496+00:00	0.601714582881	101040128	2	acquire	0.115947	0.859392
GSM8701001	2026-09-06T20:39:12.419122+00:00	26.227905042	1264566272	4	convert	0.4697	27.26691
GSM8701001	2026-09-06T20:43:42.635586+00:00	4.69191229204	1229635584	4	export	0.344482	4.582683
GSM8701001		2.73158933292	1835089920		independent_verification		
GSM8701001	2026-09-06T20:42:26.487077+00:00	0.636612749891	791150592	4	qc	0.149915	0.847123
GSM8701002	2026-09-06T20:33:53.503013+00:00	0.517630542163	104431616	2	acquire	0.120093	0.755544
GSM8701002	2026-09-06T20:39:53.383447+00:00	20.2628094999	1026850816	4	convert	0.353541	21.171435
GSM8701002	2026-09-06T20:43:50.987715+00:00	3.70301854098	1017856000	4	export	0.301384	3.716457
GSM8701002		2.36451108311	1369276416		independent_verification		
GSM8701002	2026-09-06T20:42:28.471372+00:00	0.532736541936	652722176	4	qc	0.138533	0.751786
GSM8701003	2026-09-06T20:33:54.040068+00:00	0.350107040955	100941824	2	acquire	0.11927	0.630238
GSM8701003	2026-09-06T20:40:07.398717+00:00	13.3442265	784728064	4	convert	0.281724	14.073923
GSM8701003	2026-09-06T20:43:54.165116+00:00	2.60293945903	734609408	4	export	0.25139	2.671267
GSM8701003		1.53568370803	1089339392		independent_verification		
GSM8701003	2026-09-06T20:42:29.381090+00:00	0.389844124904	473694208	4	qc	0.115638	0.648346
GSM8701004	2026-09-06T20:33:54.407891+00:00	0.276486333925	98828288	2	acquire	0.111155	0.553793
GSM8701004	2026-09-06T20:40:18.684843+00:00	10.6186185419	653656064	4	convert	0.263266	11.150685
GSM8701004	2026-09-06T20:43:56.741468+00:00	2.04645216721	614006784	4	export	0.204145	2.191719
GSM8701004		1.21886774991	917307392		independent_verification		
GSM8701004	2026-09-06T20:42:30.177484+00:00	0.312150165904	401932288	4	qc	0.098671	0.574436
GSM8701005	2026-09-06T20:33:45.944609+00:00	0.333995540859	98467840	2	acquire	0.098198	0.6032
GSM8701005	2026-09-06T20:34:44.167892+00:00	14.569574666	795475968	4	convert	0.386046	15.221185
GSM8701005	2026-09-06T20:42:46.144069+00:00	2.717841167	754794496	4	export	0.264085	2.726299
GSM8701005		1.57669954095	1113096192		independent_verification		
GSM8701005	2026-09-06T20:42:12.912157+00:00	0.410955958068	489259008	4	qc	0.11912	0.65398
GSM8701006	2026-09-06T20:33:55.320187+00:00	0.372845291859	98189312	2	acquire	0.101577	0.652347
GSM8701006	2026-09-06T20:40:55.400279+00:00	16.081995833	870088704	4	convert	0.394347	16.769125
GSM8701006	2026-09-06T20:44:04.269073+00:00	2.9071389169	827801600	4	export	0.261068	2.984733
GSM8701006		1.75101374998	1221754880		independent_verification		
GSM8701006	2026-09-06T20:42:32.097386+00:00	0.450103208888	529530880	4	qc	0.111188	0.693301
GSM8701007	2026-09-06T20:33:55.095638+00:00	0.468447000021	98680832	2	acquire	0.118075	0.738978
GSM8701007	2026-09-06T20:40:38.546461+00:00	19.2161168749	1004109824	4	convert	0.392454	19.903678
GSM8701007	2026-09-06T20:44:00.822472+00:00	3.54869295796	968638464	4	export	0.312171	3.556733
GSM8701007		2.16859241715	1451081728		independent_verification		
GSM8701007	2026-09-06T20:42:31.153502+00:00	0.4999584998	622936064	4	qc	0.132213	0.723506
GSM8701008	2026-09-06T20:33:56.218037+00:00	0.376754291821	98975744	2	acquire	0.097628	0.65021
GSM8701008	2026-09-06T20:41:27.375142+00:00	15.7814323329	870055936	4	convert	0.333056	16.573258
GSM8701008	2026-09-06T20:44:11.602001+00:00	3.12904887507	823984128	4	export	0.315644	3.10212
GSM8701008		1.904831958	1251803136		independent_verification		
GSM8701008	2026-09-06T20:42:33.965024+00:00	0.472944624955	541671424	4	qc	0.136521	0.675766
GSM8701009	2026-09-06T20:33:55.995832+00:00	0.370503332932	98189312	2	acquire	0.099625	0.64995
GSM8701009	2026-09-06T20:41:10.939287+00:00	14.8751741252	865386496	4	convert	0.30384	15.681068
GSM8701009	2026-09-06T20:44:07.914560+00:00	3.08283374994	813826048	4	export	0.305275	3.032595
GSM8701009		1.80320495786	1227915264		independent_verification		
GSM8701009	2026-09-06T20:42:32.994315+00:00	0.399637375027	531529728	4	qc	0.124419	0.639907
GSM8701010	2026-09-06T20:33:57.004499+00:00	0.486929541919	97681408	2	acquire	0.10706	0.751288
GSM8701010	2026-09-06T20:41:48.517104+00:00	20.4838065	967032832	4	convert	0.389907	21.399496
GSM8701010	2026-09-06T20:44:15.944441+00:00	3.79246233311	1039482880	4	export	0.349314	3.774879
GSM8701010		2.33016508305	1449115648		independent_verification		
GSM8701010	2026-09-06T20:42:35.025735+00:00	0.570541957859	657899520	4	qc	0.148114	0.760541
GSM8701011	2026-09-06T20:33:57.224001+00:00	0.487062999979	97550336	2	acquire	0.105262	0.74564
GSM8701011	2026-09-06T20:42:09.837239+00:00	20.6619417919	1037271040	4	convert	0.359487	21.600076
GSM8701011	2026-09-06T20:44:20.310117+00:00	3.82329158299	1032470528	4	export	0.3286	3.761212
GSM8701011		2.25114750001	1530216448		independent_verification		
GSM8701011	2026-09-06T20:42:36.088514+00:00	0.555216833949	659161088	4	qc	0.143234	0.770339
